USE COMPANY;

LOCK TABLES `DEPARTMENT` WRITE;
INSERT INTO `DEPARTMENT` VALUES ('D01','Research Department','119233479028472819','2015-04-15');
INSERT INTO `DEPARTMENT` VALUES ('D02','Purchasing Department','119233479028472831','2014-05-15');
INSERT INTO `DEPARTMENT` VALUES ('D03','Marketing Department','119233479028472820','2016-07-15');
INSERT INTO `DEPARTMENT` VALUES ('D04','Sales Department','119233479028472853','2013-03-15');
INSERT INTO `DEPARTMENT` VALUES ('D05','Administration Department','119233479028472834','2012-09-15');
UNLOCK TABLES;

LOCK TABLES `EMPLOYEE` WRITE;
INSERT INTO `EMPLOYEE` VALUES ('119233479028472843','zhanghong',NULL,4000,'119233479028472819','D01');
INSERT INTO `EMPLOYEE` VALUES ('119233479028472844','liuhong',NULL,5000,'119233479028472843','D01');
INSERT INTO `EMPLOYEE` VALUES ('119233479028472845','guanghua',NULL,6000,'119233479028472843','D01');
INSERT INTO `EMPLOYEE` VALUES ('119233479028472846','shiyu',NULL,4000,'119233479028472843','D01');
INSERT INTO `EMPLOYEE` VALUES ('119233479028472847','zhanglin',NULL,7000,'119233479028472819','D01');
INSERT INTO `EMPLOYEE` VALUES ('119233479028472848','zhangfei',NULL,3000,'119233479028472819','D01');
INSERT INTO `EMPLOYEE` VALUES ('119233479028472849','liubei','Beijing',2500,'119233479028472819','D01');
INSERT INTO `EMPLOYEE` VALUES ('119233479028472850','shenyou','Wuhan',2700,'119233479028472819','D01');
INSERT INTO `EMPLOYEE` VALUES ('119233479028472851','zhangwei',NULL,4000,'119233479028472819','D01');
INSERT INTO `EMPLOYEE` VALUES ('119233479028472852','zhanghua','Guangzhou',2700,'119233479028472819','D01');
INSERT INTO `EMPLOYEE` VALUES ('119233479028472893','zhangmei',NULL,5000,'119233479028472831','D02');
INSERT INTO `EMPLOYEE` VALUES ('119233479028472854','liumei',NULL,3000,'119233479028472831','D02');
INSERT INTO `EMPLOYEE` VALUES ('119233479028472855','liuyu',NULL,2500,'119233479028472831','D02');
INSERT INTO `EMPLOYEE` VALUES ('119233479028472856','liulin',NULL,5000,'119233479028472831','D02');
INSERT INTO `EMPLOYEE` VALUES ('119233479028472857','liufei',NULL,2300,'119233479028472831','D02');
INSERT INTO `EMPLOYEE` VALUES ('119233479028472858','liuyang',NULL,4500,'119233479028472831','D02');
INSERT INTO `EMPLOYEE` VALUES ('119233479028472859','liushen',NULL,2900,'119233479028472831','D02');
INSERT INTO `EMPLOYEE` VALUES ('119233479028472860','liuyou',NULL,3400,'119233479028472831','D02');
INSERT INTO `EMPLOYEE` VALUES ('119233479028472861','shixiang',NULL,3700,'119233479028472831','D02');
INSERT INTO `EMPLOYEE` VALUES ('119233479028472862','shilin',NULL,5000,'119233479028472831','D02');
INSERT INTO `EMPLOYEE` VALUES ('119233479028472863','shiyou',NULL,2900,'119233479028472820','D03');
INSERT INTO `EMPLOYEE` VALUES ('119233479028472864','shifei',NULL,3200,'119233479028472820','D03');
INSERT INTO `EMPLOYEE` VALUES ('119233479028472865','shihong',NULL,2500,'119233479028472820','D03');
INSERT INTO `EMPLOYEE` VALUES ('119233479028472866','wangwei',NULL,2600,'119233479028472820','D03');
INSERT INTO `EMPLOYEE` VALUES ('119233479028472867','wangfei',NULL,3600,'119233479028472820','D03');
INSERT INTO `EMPLOYEE` VALUES ('119233479028472868','wangbei',NULL,2400,'119233479028472820','D03');
INSERT INTO `EMPLOYEE` VALUES ('119233479028472869','wangyang',NULL,2900,'119233479028472820','D03');
INSERT INTO `EMPLOYEE` VALUES ('119233479028472870','xuyi',NULL,3300,'119233479028472820','D03');
INSERT INTO `EMPLOYEE` VALUES ('119233479028472871','xuhua',NULL,2200,'119233479028472820','D03');
INSERT INTO `EMPLOYEE` VALUES ('119233479028472872','xufei',NULL,2600,'119233479028472820','D03');
INSERT INTO `EMPLOYEE` VALUES ('119233479028472873','xumei',NULL,1700,'119233479028472853','D04');
INSERT INTO `EMPLOYEE` VALUES ('119233479028472874','wanghua',NULL,2600,'119233479028472853','D04');
INSERT INTO `EMPLOYEE` VALUES ('119233479028472875','wanghong',NULL,3100,'119233479028472853','D04');
INSERT INTO `EMPLOYEE` VALUES ('119233479028472876','sunyu',NULL,6200,'119233479028472853','D04');
INSERT INTO `EMPLOYEE` VALUES ('119233479028472877','sunhong',NULL,5300,'119233479028472853','D04');
INSERT INTO `EMPLOYEE` VALUES ('119233479028472878','sunhao',NULL,2500,'119233479028472853','D04');
INSERT INTO `EMPLOYEE` VALUES ('119233479028472879','sunye',NULL,3400,'119233479028472853','D04');
INSERT INTO `EMPLOYEE` VALUES ('119233479028472880','xuye',NULL,4200,'119233479028472853','D04');
INSERT INTO `EMPLOYEE` VALUES ('119233479028472881','liuye',NULL,3500,'119233479028472853','D04');
INSERT INTO `EMPLOYEE` VALUES ('119233479028472882','liuzhang',NULL,2600,'119233479028472853','D04');
INSERT INTO `EMPLOYEE` VALUES ('119233479028472883','xuzhang',NULL,2300,'119233479028472834','D05');
INSERT INTO `EMPLOYEE` VALUES ('119233479028472884','wangzhang',NULL,5000,'119233479028472834','D05');
INSERT INTO `EMPLOYEE` VALUES ('119233479028472885','sunmei',NULL,4400,'119233479028472834','D05');
INSERT INTO `EMPLOYEE` VALUES ('119233479028472886','zhanggong',NULL,3200,'119233479028472834','D05');
INSERT INTO `EMPLOYEE` VALUES ('119233479028472887','liuping',NULL,4500,'119233479028472834','D05');
INSERT INTO `EMPLOYEE` VALUES ('119233479028472888','shiping',NULL,3400,'119233479028472834','D05');
INSERT INTO `EMPLOYEE` VALUES ('119233479028472889','sunping',NULL,4600,'119233479028472834','D05');
INSERT INTO `EMPLOYEE` VALUES ('119233479028472890','xuyan',NULL,3800,'119233479028472834','D05');
INSERT INTO `EMPLOYEE` VALUES ('119233479028472891','linyan',NULL,4100,'119233479028472834','D05');
INSERT INTO `EMPLOYEE` VALUES ('119233479028472892','linpu',NULL,3900,'119233479028472834','D05');
UNLOCK TABLES;

LOCK TABLES `PROJECT` WRITE;
INSERT INTO `PROJECT` VALUES ('P1','SQL Project',NULL,'D01');
INSERT INTO `PROJECT` VALUES ('P6','CS Project',NULL,'D01');
INSERT INTO `PROJECT` VALUES ('P2','DS Project',NULL,'D02');
INSERT INTO `PROJECT` VALUES ('P7','BR Project',NULL,'D02');
INSERT INTO `PROJECT` VALUES ('P3','ML Project',NULL,'D03');
INSERT INTO `PROJECT` VALUES ('P8','CN Project',NULL,'D03');
INSERT INTO `PROJECT` VALUES ('P4','IS Project',NULL,'D04');
INSERT INTO `PROJECT` VALUES ('P9','NA Project',NULL,'D04');
INSERT INTO `PROJECT` VALUES ('P5','AL Project',NULL,'D05');
INSERT INTO `PROJECT` VALUES ('P10','LD Project',NULL,'D05');
UNLOCK TABLES;

LOCK TABLES `WORKS_ON` WRITE;
INSERT INTO `WORKS_ON` VALUES ('119233479028472876','P1',3);
INSERT INTO `WORKS_ON` VALUES ('119233479028472876','P6',3);
INSERT INTO `WORKS_ON` VALUES ('119233479028472876','P2',3);
INSERT INTO `WORKS_ON` VALUES ('119233479028472876','P7',3);
INSERT INTO `WORKS_ON` VALUES ('119233479028472876','P3',3);
INSERT INTO `WORKS_ON` VALUES ('119233479028472876','P8',3);
INSERT INTO `WORKS_ON` VALUES ('119233479028472876','P4',3);
INSERT INTO `WORKS_ON` VALUES ('119233479028472876','P9',3);
INSERT INTO `WORKS_ON` VALUES ('119233479028472876','P5',3);
INSERT INTO `WORKS_ON` VALUES ('119233479028472876','P10',3);
INSERT INTO `WORKS_ON` VALUES ('119233479028472847','P1',3);
INSERT INTO `WORKS_ON` VALUES ('119233479028472847','P6',3);
INSERT INTO `WORKS_ON` VALUES ('119233479028472847','P2',3);
INSERT INTO `WORKS_ON` VALUES ('119233479028472847','P7',3);
INSERT INTO `WORKS_ON` VALUES ('119233479028472847','P3',3);
INSERT INTO `WORKS_ON` VALUES ('119233479028472847','P8',3);
INSERT INTO `WORKS_ON` VALUES ('119233479028472847','P4',3);
INSERT INTO `WORKS_ON` VALUES ('119233479028472847','P9',3);
INSERT INTO `WORKS_ON` VALUES ('119233479028472847','P5',3);
INSERT INTO `WORKS_ON` VALUES ('119233479028472847','P10',3);
INSERT INTO `WORKS_ON` VALUES ('119233479028472849','P1',3);
INSERT INTO `WORKS_ON` VALUES ('119233479028472849','P2',3);
INSERT INTO `WORKS_ON` VALUES ('119233479028472849','P3',1);
INSERT INTO `WORKS_ON` VALUES ('119233479028472850','P1',3);
INSERT INTO `WORKS_ON` VALUES ('119233479028472850','P2',3);

UNLOCK TABLES;
